scientific_name,name_da,status,source,license,attribution,issues,recommendations
"Turdus merula","Solsort","critical","cached","","","Missing attribution; Unclear source (cached/unknown)","Search iNaturalist: https://www.inaturalist.org/observations?taxon_name=Turdus%20merula; Document original source or replace with properly attributed image"
"Passer domesticus","Gråspurv","critical","cached","","","Missing attribution; Unclear source (cached/unknown)","Search iNaturalist: https://www.inaturalist.org/observations?taxon_name=Passer%20domesticus; Document original source or replace with properly attributed image"
"Passer montanus","Skovspurv","critical","cached","","","Missing attribution; Unclear source (cached/unknown)","Search iNaturalist: https://www.inaturalist.org/observations?taxon_name=Passer%20montanus; Document original source or replace with properly attributed image"
"Parus major","Musvit","critical","cached","","","Missing attribution; Unclear source (cached/unknown)","Search iNaturalist: https://www.inaturalist.org/observations?taxon_name=Parus%20major; Document original source or replace with properly attributed image"
"Cyanistes caeruleus","Blåmejse","critical","cached","","","Missing attribution; Unclear source (cached/unknown)","Search iNaturalist: https://www.inaturalist.org/observations?taxon_name=Cyanistes%20caeruleus; Document original source or replace with properly attributed image"
"Periparus ater","Sortmejse","critical","cached","","","Missing attribution; Unclear source (cached/unknown)","Search iNaturalist: https://www.inaturalist.org/observations?taxon_name=Periparus%20ater; Document original source or replace with properly attributed image"
"Lophophanes cristatus","Topmejse","critical","cached","","","Missing attribution; Unclear source (cached/unknown)","Search iNaturalist: https://www.inaturalist.org/observations?taxon_name=Lophophanes%20cristatus; Document original source or replace with properly attributed image"
"Aegithalos caudatus","Halemejse","critical","inaturalist","CC BY-NC","(c) Игорь Двуреков, some rights reserved (CC BY-NC)","Non-commercial license (blocks commercial use); Copyright symbol without CC license","Replace with CC-BY or CC0 licensed image; Verify license status and document CC license if available"
"Fringilla coelebs","Bogfinke","critical","cached","","","Missing attribution; Unclear source (cached/unknown)","Search iNaturalist: https://www.inaturalist.org/observations?taxon_name=Fringilla%20coelebs; Document original source or replace with properly attributed image"
"Chloris chloris","Grønirisk","critical","cached","","","Missing attribution; Unclear source (cached/unknown)","Search iNaturalist: https://www.inaturalist.org/observations?taxon_name=Chloris%20chloris; Document original source or replace with properly attributed image"
"Carduelis carduelis","Stillits","critical","cached","","","Missing attribution; Unclear source (cached/unknown)","Search iNaturalist: https://www.inaturalist.org/observations?taxon_name=Carduelis%20carduelis; Document original source or replace with properly attributed image"
"Linaria cannabina","Tornirisk","critical","cached","","","Missing attribution; Unclear source (cached/unknown)","Search iNaturalist: https://www.inaturalist.org/observations?taxon_name=Linaria%20cannabina; Document original source or replace with properly attributed image"
"Pyrrhula pyrrhula","Dompap","critical","cached","","","Missing attribution; Unclear source (cached/unknown)","Search iNaturalist: https://www.inaturalist.org/observations?taxon_name=Pyrrhula%20pyrrhula; Document original source or replace with properly attributed image"
"Coccothraustes coccothraustes","Kernebider","critical","cached","","","Missing attribution; Unclear source (cached/unknown)","Search iNaturalist: https://www.inaturalist.org/observations?taxon_name=Coccothraustes%20coccothraustes; Document original source or replace with properly attributed image"
"Columba palumbus","Ringdue","critical","cached","","","Missing attribution; Unclear source (cached/unknown)","Search iNaturalist: https://www.inaturalist.org/observations?taxon_name=Columba%20palumbus; Document original source or replace with properly attributed image"
"Streptopelia decaocto","Tyrkerdue","critical","cached","","","Missing attribution; Unclear source (cached/unknown)","Search iNaturalist: https://www.inaturalist.org/observations?taxon_name=Streptopelia%20decaocto; Document original source or replace with properly attributed image"
"Pica pica","Husskade","critical","cached","","","Missing attribution; Unclear source (cached/unknown)","Search iNaturalist: https://www.inaturalist.org/observations?taxon_name=Pica%20pica; Document original source or replace with properly attributed image"
"Corvus cornix","Gråkrage","critical","cached","","","Missing attribution; Unclear source (cached/unknown)","Search iNaturalist: https://www.inaturalist.org/observations?taxon_name=Corvus%20cornix; Document original source or replace with properly attributed image"
"Corvus corone","Sortkrage","critical","cached","","","Missing attribution; Unclear source (cached/unknown)","Search iNaturalist: https://www.inaturalist.org/observations?taxon_name=Corvus%20corone; Document original source or replace with properly attributed image"
"Corvus frugilegus","Råge","critical","cached","","","Missing attribution; Unclear source (cached/unknown)","Search iNaturalist: https://www.inaturalist.org/observations?taxon_name=Corvus%20frugilegus; Document original source or replace with properly attributed image"
"Coloeus monedula","Allike","critical","cached","","","Missing attribution; Unclear source (cached/unknown)","Search iNaturalist: https://www.inaturalist.org/observations?taxon_name=Coloeus%20monedula; Document original source or replace with properly attributed image"
"Sturnus vulgaris","Stær","critical","cached","","","Missing attribution; Unclear source (cached/unknown)","Search iNaturalist: https://www.inaturalist.org/observations?taxon_name=Sturnus%20vulgaris; Document original source or replace with properly attributed image"
"Prunella modularis","Jernspurv","critical","cached","","","Missing attribution; Unclear source (cached/unknown)","Search iNaturalist: https://www.inaturalist.org/observations?taxon_name=Prunella%20modularis; Document original source or replace with properly attributed image"
"Troglodytes troglodytes","Gærdesmutte","critical","cached","","","Missing attribution; Unclear source (cached/unknown)","Search iNaturalist: https://www.inaturalist.org/observations?taxon_name=Troglodytes%20troglodytes; Document original source or replace with properly attributed image"
"Erithacus rubecula","Rødhals","critical","cached","","","Missing attribution; Unclear source (cached/unknown)","Search iNaturalist: https://www.inaturalist.org/observations?taxon_name=Erithacus%20rubecula; Document original source or replace with properly attributed image"
"Cygnus olor","Knopsvane","critical","cached","","","Missing attribution; Unclear source (cached/unknown)","Search iNaturalist: https://www.inaturalist.org/observations?taxon_name=Cygnus%20olor; Document original source or replace with properly attributed image"
"Cygnus cygnus","Sangsvane","critical","inaturalist","cc-by-nc","(c) Bird Explorers, some rights reserved (CC BY-NC), uploaded by Bird Explorers","Non-commercial license (blocks commercial use)","Replace with CC-BY or CC0 licensed image"
"Cygnus columbianus","Pibesvane","critical","cached","","","Missing attribution; Unclear source (cached/unknown)","Search iNaturalist: https://www.inaturalist.org/observations?taxon_name=Cygnus%20columbianus; Document original source or replace with properly attributed image"
"Anser anser","Grågås","critical","cached","","","Missing attribution; Unclear source (cached/unknown)","Search iNaturalist: https://www.inaturalist.org/observations?taxon_name=Anser%20anser; Document original source or replace with properly attributed image"
"Branta leucopsis","Bramgås","critical","cached","","","Missing attribution; Unclear source (cached/unknown)","Search iNaturalist: https://www.inaturalist.org/observations?taxon_name=Branta%20leucopsis; Document original source or replace with properly attributed image"
"Branta canadensis","Canadagås","critical","cached","","","Missing attribution; Unclear source (cached/unknown)","Search iNaturalist: https://www.inaturalist.org/observations?taxon_name=Branta%20canadensis; Document original source or replace with properly attributed image"
"Anser brachyrhynchus","Kortnæbbet gås","critical","cached","","","Missing attribution; Unclear source (cached/unknown)","Search iNaturalist: https://www.inaturalist.org/observations?taxon_name=Anser%20brachyrhynchus; Document original source or replace with properly attributed image"
"Anser albifrons","Blisgås","critical","cached","","","Missing attribution; Unclear source (cached/unknown)","Search iNaturalist: https://www.inaturalist.org/observations?taxon_name=Anser%20albifrons; Document original source or replace with properly attributed image"
"Branta bernicla","Knortegås","critical","cached","","","Missing attribution; Unclear source (cached/unknown)","Search iNaturalist: https://www.inaturalist.org/observations?taxon_name=Branta%20bernicla; Document original source or replace with properly attributed image"
"Anas platyrhynchos","Gråand","critical","cached","","","Missing attribution; Unclear source (cached/unknown)","Search iNaturalist: https://www.inaturalist.org/observations?taxon_name=Anas%20platyrhynchos; Document original source or replace with properly attributed image"
"Anas crecca","Krikand","critical","cached","","","Missing attribution; Unclear source (cached/unknown)","Search iNaturalist: https://www.inaturalist.org/observations?taxon_name=Anas%20crecca; Document original source or replace with properly attributed image"
"Mareca penelope","Pibeand","critical","cached","","","Missing attribution; Unclear source (cached/unknown)","Search iNaturalist: https://www.inaturalist.org/observations?taxon_name=Mareca%20penelope; Document original source or replace with properly attributed image"
"Anas acuta","Spidsand","critical","cached","","","Missing attribution; Unclear source (cached/unknown)","Search iNaturalist: https://www.inaturalist.org/observations?taxon_name=Anas%20acuta; Document original source or replace with properly attributed image"
"Spatula clypeata","Skeand","critical","cached","","","Missing attribution; Unclear source (cached/unknown)","Search iNaturalist: https://www.inaturalist.org/observations?taxon_name=Spatula%20clypeata; Document original source or replace with properly attributed image"
"Aythya fuligula","Troldand","critical","cached","","","Missing attribution; Unclear source (cached/unknown)","Search iNaturalist: https://www.inaturalist.org/observations?taxon_name=Aythya%20fuligula; Document original source or replace with properly attributed image"
"Aythya ferina","Taffeland","critical","cached","","","Missing attribution; Unclear source (cached/unknown)","Search iNaturalist: https://www.inaturalist.org/observations?taxon_name=Aythya%20ferina; Document original source or replace with properly attributed image"
"Bucephala clangula","Hvinand","critical","cached","","","Missing attribution; Unclear source (cached/unknown)","Search iNaturalist: https://www.inaturalist.org/observations?taxon_name=Bucephala%20clangula; Document original source or replace with properly attributed image"
"Somateria mollissima","Ederfugl","critical","cached","","","Missing attribution; Unclear source (cached/unknown)","Search iNaturalist: https://www.inaturalist.org/observations?taxon_name=Somateria%20mollissima; Document original source or replace with properly attributed image"
"Melanitta nigra","Sortand","critical","cached","","","Missing attribution; Unclear source (cached/unknown)","Search iNaturalist: https://www.inaturalist.org/observations?taxon_name=Melanitta%20nigra; Document original source or replace with properly attributed image"
"Melanitta fusca","Fløjlsand","critical","cached","","","Missing attribution; Unclear source (cached/unknown)","Search iNaturalist: https://www.inaturalist.org/observations?taxon_name=Melanitta%20fusca; Document original source or replace with properly attributed image"
"Clangula hyemalis","Havlit","critical","cached","","","Missing attribution; Unclear source (cached/unknown)","Search iNaturalist: https://www.inaturalist.org/observations?taxon_name=Clangula%20hyemalis; Document original source or replace with properly attributed image"
"Aythya marila","Bjergand","critical","cached","","","Missing attribution; Unclear source (cached/unknown)","Search iNaturalist: https://www.inaturalist.org/observations?taxon_name=Aythya%20marila; Document original source or replace with properly attributed image"
"Mergus serrator","Toppet skallesluger","critical","cached","","","Missing attribution; Unclear source (cached/unknown)","Search iNaturalist: https://www.inaturalist.org/observations?taxon_name=Mergus%20serrator; Document original source or replace with properly attributed image"
"Mergus merganser","Stor skallesluger","critical","cached","","","Missing attribution; Unclear source (cached/unknown)","Search iNaturalist: https://www.inaturalist.org/observations?taxon_name=Mergus%20merganser; Document original source or replace with properly attributed image"
"Mergellus albellus","Lille skallesluger","critical","cached","","","Missing attribution; Unclear source (cached/unknown)","Search iNaturalist: https://www.inaturalist.org/observations?taxon_name=Mergellus%20albellus; Document original source or replace with properly attributed image"
"Spatula querquedula","Atlingand","critical","cached","","","Missing attribution; Unclear source (cached/unknown)","Search iNaturalist: https://www.inaturalist.org/observations?taxon_name=Spatula%20querquedula; Document original source or replace with properly attributed image"
"Tadorna tadorna","Gravand","critical","cached","","","Missing attribution; Unclear source (cached/unknown)","Search iNaturalist: https://www.inaturalist.org/observations?taxon_name=Tadorna%20tadorna; Document original source or replace with properly attributed image"
"Fulica atra","Blishøne","critical","cached","","","Missing attribution; Unclear source (cached/unknown)","Search iNaturalist: https://www.inaturalist.org/observations?taxon_name=Fulica%20atra; Document original source or replace with properly attributed image"
"Gallinula chloropus","Grønbenet rørhøne","critical","cached","","","Missing attribution; Unclear source (cached/unknown)","Search iNaturalist: https://www.inaturalist.org/observations?taxon_name=Gallinula%20chloropus; Document original source or replace with properly attributed image"
"Rallus aquaticus","Vandrikse","critical","cached","","","Missing attribution; Unclear source (cached/unknown)","Search iNaturalist: https://www.inaturalist.org/observations?taxon_name=Rallus%20aquaticus; Document original source or replace with properly attributed image"
"Podiceps cristatus","Toppet lappedykker","critical","cached","","","Missing attribution; Unclear source (cached/unknown)","Search iNaturalist: https://www.inaturalist.org/observations?taxon_name=Podiceps%20cristatus; Document original source or replace with properly attributed image"
"Tachybaptus ruficollis","Lille lappedykker","critical","cached","","","Missing attribution; Unclear source (cached/unknown)","Search iNaturalist: https://www.inaturalist.org/observations?taxon_name=Tachybaptus%20ruficollis; Document original source or replace with properly attributed image"
"Podiceps grisegena","Gråstrubet lappedykker","critical","cached","","","Missing attribution; Unclear source (cached/unknown)","Search iNaturalist: https://www.inaturalist.org/observations?taxon_name=Podiceps%20grisegena; Document original source or replace with properly attributed image"
"Podiceps nigricollis","Sorthalset lappedykker","critical","cached","","","Missing attribution; Unclear source (cached/unknown)","Search iNaturalist: https://www.inaturalist.org/observations?taxon_name=Podiceps%20nigricollis; Document original source or replace with properly attributed image"
"Ardea cinerea","Fiskehejre","critical","cached","","","Missing attribution; Unclear source (cached/unknown)","Search iNaturalist: https://www.inaturalist.org/observations?taxon_name=Ardea%20cinerea; Document original source or replace with properly attributed image"
"Phalacrocorax carbo","Skarv","critical","cached","","","Missing attribution; Unclear source (cached/unknown)","Search iNaturalist: https://www.inaturalist.org/observations?taxon_name=Phalacrocorax%20carbo; Document original source or replace with properly attributed image"
"Botaurus stellaris","Rørdrum","critical","cached","","","Missing attribution; Unclear source (cached/unknown)","Search iNaturalist: https://www.inaturalist.org/observations?taxon_name=Botaurus%20stellaris; Document original source or replace with properly attributed image"
"Buteo buteo","Musvåge","critical","cached","","","Missing attribution; Unclear source (cached/unknown)","Search iNaturalist: https://www.inaturalist.org/observations?taxon_name=Buteo%20buteo; Document original source or replace with properly attributed image"
"Buteo lagopus","Fjeldvåge","critical","cached","","","Missing attribution; Unclear source (cached/unknown)","Search iNaturalist: https://www.inaturalist.org/observations?taxon_name=Buteo%20lagopus; Document original source or replace with properly attributed image"
"Accipiter nisus","Spurvehøg","critical","cached","","","Missing attribution; Unclear source (cached/unknown)","Search iNaturalist: https://www.inaturalist.org/observations?taxon_name=Accipiter%20nisus; Document original source or replace with properly attributed image"
"Accipiter gentilis","Duehøg","critical","inaturalist","cc-by-nc","(c) Luigi Andena, some rights reserved (CC BY-NC), uploaded by Luigi Andena","Non-commercial license (blocks commercial use)","Replace with CC-BY or CC0 licensed image"
"Falco tinnunculus","Tårnfalk","critical","cached","","","Missing attribution; Unclear source (cached/unknown)","Search iNaturalist: https://www.inaturalist.org/observations?taxon_name=Falco%20tinnunculus; Document original source or replace with properly attributed image"
"Falco columbarius","Dværgfalk","critical","cached","","","Missing attribution; Unclear source (cached/unknown)","Search iNaturalist: https://www.inaturalist.org/observations?taxon_name=Falco%20columbarius; Document original source or replace with properly attributed image"
"Falco peregrinus","Vandrefalk","critical","cached","","","Missing attribution; Unclear source (cached/unknown)","Search iNaturalist: https://www.inaturalist.org/observations?taxon_name=Falco%20peregrinus; Document original source or replace with properly attributed image"
"Falco subbuteo","Lærkefalk","critical","cached","","","Missing attribution; Unclear source (cached/unknown)","Search iNaturalist: https://www.inaturalist.org/observations?taxon_name=Falco%20subbuteo; Document original source or replace with properly attributed image"
"Haliaeetus albicilla","Havørn","critical","cached","","","Missing attribution; Unclear source (cached/unknown)","Search iNaturalist: https://www.inaturalist.org/observations?taxon_name=Haliaeetus%20albicilla; Document original source or replace with properly attributed image"
"Milvus milvus","Rød glente","critical","cached","","","Missing attribution; Unclear source (cached/unknown)","Search iNaturalist: https://www.inaturalist.org/observations?taxon_name=Milvus%20milvus; Document original source or replace with properly attributed image"
"Milvus migrans","Sort glente","critical","cached","","","Missing attribution; Unclear source (cached/unknown)","Search iNaturalist: https://www.inaturalist.org/observations?taxon_name=Milvus%20migrans; Document original source or replace with properly attributed image"
"Circus aeruginosus","Rørhøg","critical","cached","","","Missing attribution; Unclear source (cached/unknown)","Search iNaturalist: https://www.inaturalist.org/observations?taxon_name=Circus%20aeruginosus; Document original source or replace with properly attributed image"
"Circus cyaneus","Blå kærhøg","critical","cached","","","Missing attribution; Unclear source (cached/unknown)","Search iNaturalist: https://www.inaturalist.org/observations?taxon_name=Circus%20cyaneus; Document original source or replace with properly attributed image"
"Pernis apivorus","Hvepsevåge","critical","cached","","","Missing attribution; Unclear source (cached/unknown)","Search iNaturalist: https://www.inaturalist.org/observations?taxon_name=Pernis%20apivorus; Document original source or replace with properly attributed image"
"Pandion haliaetus","Fiskeørn","critical","cached","","","Missing attribution; Unclear source (cached/unknown)","Search iNaturalist: https://www.inaturalist.org/observations?taxon_name=Pandion%20haliaetus; Document original source or replace with properly attributed image"
"Tyto alba","Slørugle","critical","cached","","","Missing attribution; Unclear source (cached/unknown)","Search iNaturalist: https://www.inaturalist.org/observations?taxon_name=Tyto%20alba; Document original source or replace with properly attributed image"
"Strix aluco","Natugle","critical","cached","","","Missing attribution; Unclear source (cached/unknown)","Search iNaturalist: https://www.inaturalist.org/observations?taxon_name=Strix%20aluco; Document original source or replace with properly attributed image"
"Asio otus","Skovhornugle","critical","cached","","","Missing attribution; Unclear source (cached/unknown)","Search iNaturalist: https://www.inaturalist.org/observations?taxon_name=Asio%20otus; Document original source or replace with properly attributed image"
"Asio flammeus","Mosehornugle","critical","cached","","","Missing attribution; Unclear source (cached/unknown)","Search iNaturalist: https://www.inaturalist.org/observations?taxon_name=Asio%20flammeus; Document original source or replace with properly attributed image"
"Larus argentatus","Sølvmåge","critical","cached","","","Missing attribution; Unclear source (cached/unknown)","Search iNaturalist: https://www.inaturalist.org/observations?taxon_name=Larus%20argentatus; Document original source or replace with properly attributed image"
"Larus canus","Stormmåge","critical","cached","","","Missing attribution; Unclear source (cached/unknown)","Search iNaturalist: https://www.inaturalist.org/observations?taxon_name=Larus%20canus; Document original source or replace with properly attributed image"
"Chroicocephalus ridibundus","Hættemåge","critical","cached","","","Missing attribution; Unclear source (cached/unknown)","Search iNaturalist: https://www.inaturalist.org/observations?taxon_name=Chroicocephalus%20ridibundus; Document original source or replace with properly attributed image"
"Larus marinus","Svartbag","critical","cached","","","Missing attribution; Unclear source (cached/unknown)","Search iNaturalist: https://www.inaturalist.org/observations?taxon_name=Larus%20marinus; Document original source or replace with properly attributed image"
"Larus fuscus","Sildemåge","critical","cached","","","Missing attribution; Unclear source (cached/unknown)","Search iNaturalist: https://www.inaturalist.org/observations?taxon_name=Larus%20fuscus; Document original source or replace with properly attributed image"
"Rissa tridactyla","Ride","critical","cached","","","Missing attribution; Unclear source (cached/unknown)","Search iNaturalist: https://www.inaturalist.org/observations?taxon_name=Rissa%20tridactyla; Document original source or replace with properly attributed image"
"Hydrocoloeus minutus","Dværgmåge","critical","cached","","","Missing attribution; Unclear source (cached/unknown)","Search iNaturalist: https://www.inaturalist.org/observations?taxon_name=Hydrocoloeus%20minutus; Document original source or replace with properly attributed image"
"Ichthyaetus melanocephalus","Sorthovedet måge","critical","cached","","","Missing attribution; Unclear source (cached/unknown)","Search iNaturalist: https://www.inaturalist.org/observations?taxon_name=Ichthyaetus%20melanocephalus; Document original source or replace with properly attributed image"
"Sterna hirundo","Fjordterne","critical","cached","","","Missing attribution; Unclear source (cached/unknown)","Search iNaturalist: https://www.inaturalist.org/observations?taxon_name=Sterna%20hirundo; Document original source or replace with properly attributed image"
"Sterna paradisaea","Havterne","critical","cached","","","Missing attribution; Unclear source (cached/unknown)","Search iNaturalist: https://www.inaturalist.org/observations?taxon_name=Sterna%20paradisaea; Document original source or replace with properly attributed image"
"Sternula albifrons","Dværgterne","critical","cached","","","Missing attribution; Unclear source (cached/unknown)","Search iNaturalist: https://www.inaturalist.org/observations?taxon_name=Sternula%20albifrons; Document original source or replace with properly attributed image"
"Thalasseus sandvicensis","Splitterne","critical","cached","","","Missing attribution; Unclear source (cached/unknown)","Search iNaturalist: https://www.inaturalist.org/observations?taxon_name=Thalasseus%20sandvicensis; Document original source or replace with properly attributed image"
"Hydroprogne caspia","Rovterne","critical","cached","","","Missing attribution; Unclear source (cached/unknown)","Search iNaturalist: https://www.inaturalist.org/observations?taxon_name=Hydroprogne%20caspia; Document original source or replace with properly attributed image"
"Chlidonias niger","Sortterne","critical","cached","","","Missing attribution; Unclear source (cached/unknown)","Search iNaturalist: https://www.inaturalist.org/observations?taxon_name=Chlidonias%20niger; Document original source or replace with properly attributed image"
"Uria aalge","Lomvie","critical","cached","","","Missing attribution; Unclear source (cached/unknown)","Search iNaturalist: https://www.inaturalist.org/observations?taxon_name=Uria%20aalge; Document original source or replace with properly attributed image"
"Alca torda","Alk","critical","cached","","","Missing attribution; Unclear source (cached/unknown)","Search iNaturalist: https://www.inaturalist.org/observations?taxon_name=Alca%20torda; Document original source or replace with properly attributed image"
"Fratercula arctica","Lunde","critical","cached","","","Missing attribution; Unclear source (cached/unknown)","Search iNaturalist: https://www.inaturalist.org/observations?taxon_name=Fratercula%20arctica; Document original source or replace with properly attributed image"
"Cepphus grylle","Tejst","critical","cached","","","Missing attribution; Unclear source (cached/unknown)","Search iNaturalist: https://www.inaturalist.org/observations?taxon_name=Cepphus%20grylle; Document original source or replace with properly attributed image"
"Fulmarus glacialis","Mallemuk","critical","cached","","","Missing attribution; Unclear source (cached/unknown)","Search iNaturalist: https://www.inaturalist.org/observations?taxon_name=Fulmarus%20glacialis; Document original source or replace with properly attributed image"
"Gulosus aristotelis","Topskarv","critical","cached","","","Missing attribution; Unclear source (cached/unknown)","Search iNaturalist: https://www.inaturalist.org/observations?taxon_name=Gulosus%20aristotelis; Document original source or replace with properly attributed image"
"Haematopus ostralegus","Strandskade","critical","cached","","","Missing attribution; Unclear source (cached/unknown)","Search iNaturalist: https://www.inaturalist.org/observations?taxon_name=Haematopus%20ostralegus; Document original source or replace with properly attributed image"
"Vanellus vanellus","Vibe","critical","cached","","","Missing attribution; Unclear source (cached/unknown)","Search iNaturalist: https://www.inaturalist.org/observations?taxon_name=Vanellus%20vanellus; Document original source or replace with properly attributed image"
"Tringa totanus","Rødben","critical","cached","","","Missing attribution; Unclear source (cached/unknown)","Search iNaturalist: https://www.inaturalist.org/observations?taxon_name=Tringa%20totanus; Document original source or replace with properly attributed image"
"Tringa nebularia","Hvidklire","critical","cached","","","Missing attribution; Unclear source (cached/unknown)","Search iNaturalist: https://www.inaturalist.org/observations?taxon_name=Tringa%20nebularia; Document original source or replace with properly attributed image"
"Tringa ochropus","Svaleklire","critical","cached","","","Missing attribution; Unclear source (cached/unknown)","Search iNaturalist: https://www.inaturalist.org/observations?taxon_name=Tringa%20ochropus; Document original source or replace with properly attributed image"
"Tringa glareola","Mudderklire","critical","cached","","","Missing attribution; Unclear source (cached/unknown)","Search iNaturalist: https://www.inaturalist.org/observations?taxon_name=Tringa%20glareola; Document original source or replace with properly attributed image"
"Actitis hypoleucos","Tinksmed","critical","cached","","","Missing attribution; Unclear source (cached/unknown)","Search iNaturalist: https://www.inaturalist.org/observations?taxon_name=Actitis%20hypoleucos; Document original source or replace with properly attributed image"
"Numenius arquata","Stor regnspove","critical","cached","","","Missing attribution; Unclear source (cached/unknown)","Search iNaturalist: https://www.inaturalist.org/observations?taxon_name=Numenius%20arquata; Document original source or replace with properly attributed image"
"Numenius phaeopus","Lille regnspove","critical","cached","","","Missing attribution; Unclear source (cached/unknown)","Search iNaturalist: https://www.inaturalist.org/observations?taxon_name=Numenius%20phaeopus; Document original source or replace with properly attributed image"
"Limosa lapponica","Lille kobbersneppe","critical","cached","","","Missing attribution; Unclear source (cached/unknown)","Search iNaturalist: https://www.inaturalist.org/observations?taxon_name=Limosa%20lapponica; Document original source or replace with properly attributed image"
"Limosa limosa","Stor kobbersneppe","critical","cached","","","Missing attribution; Unclear source (cached/unknown)","Search iNaturalist: https://www.inaturalist.org/observations?taxon_name=Limosa%20limosa; Document original source or replace with properly attributed image"
"Recurvirostra avosetta","Klyde","critical","cached","","","Missing attribution; Unclear source (cached/unknown)","Search iNaturalist: https://www.inaturalist.org/observations?taxon_name=Recurvirostra%20avosetta; Document original source or replace with properly attributed image"
"Calidris pugnax","Brushane","critical","cached","","","Missing attribution; Unclear source (cached/unknown)","Search iNaturalist: https://www.inaturalist.org/observations?taxon_name=Calidris%20pugnax; Document original source or replace with properly attributed image"
"Calidris alpina","Almindelig ryle","critical","cached","","","Missing attribution; Unclear source (cached/unknown)","Search iNaturalist: https://www.inaturalist.org/observations?taxon_name=Calidris%20alpina; Document original source or replace with properly attributed image"
"Calidris alba","Sandløber","critical","cached","","","Missing attribution; Unclear source (cached/unknown)","Search iNaturalist: https://www.inaturalist.org/observations?taxon_name=Calidris%20alba; Document original source or replace with properly attributed image"
"Calidris canutus","Islandsk ryle","critical","cached","","","Missing attribution; Unclear source (cached/unknown)","Search iNaturalist: https://www.inaturalist.org/observations?taxon_name=Calidris%20canutus; Document original source or replace with properly attributed image"
"Calidris maritima","Sortgrå ryle","critical","cached","","","Missing attribution; Unclear source (cached/unknown)","Search iNaturalist: https://www.inaturalist.org/observations?taxon_name=Calidris%20maritima; Document original source or replace with properly attributed image"
"Calidris minuta","Dværgryle","critical","cached","","","Missing attribution; Unclear source (cached/unknown)","Search iNaturalist: https://www.inaturalist.org/observations?taxon_name=Calidris%20minuta; Document original source or replace with properly attributed image"
"Gallinago gallinago","Dobbeltbekkasin","critical","cached","","","Missing attribution; Unclear source (cached/unknown)","Search iNaturalist: https://www.inaturalist.org/observations?taxon_name=Gallinago%20gallinago; Document original source or replace with properly attributed image"
"Lymnocryptes minimus","Enkeltbekkasin","critical","cached","","","Missing attribution; Unclear source (cached/unknown)","Search iNaturalist: https://www.inaturalist.org/observations?taxon_name=Lymnocryptes%20minimus; Document original source or replace with properly attributed image"
"Scolopax rusticola","Skovsneppe","critical","cached","","","Missing attribution; Unclear source (cached/unknown)","Search iNaturalist: https://www.inaturalist.org/observations?taxon_name=Scolopax%20rusticola; Document original source or replace with properly attributed image"
"Charadrius hiaticula","Stor præstekrave","critical","cached","","","Missing attribution; Unclear source (cached/unknown)","Search iNaturalist: https://www.inaturalist.org/observations?taxon_name=Charadrius%20hiaticula; Document original source or replace with properly attributed image"
"Charadrius dubius","Lille præstekrave","critical","inaturalist","cc-by-nc","(c) Геннадий, some rights reserved (CC BY-NC), uploaded by Геннадий","Non-commercial license (blocks commercial use)","Replace with CC-BY or CC0 licensed image"
"Pluvialis apricaria","Hjejle","critical","cached","","","Missing attribution; Unclear source (cached/unknown)","Search iNaturalist: https://www.inaturalist.org/observations?taxon_name=Pluvialis%20apricaria; Document original source or replace with properly attributed image"
"Pluvialis squatarola","Strandhjejle","critical","cached","","","Missing attribution; Unclear source (cached/unknown)","Search iNaturalist: https://www.inaturalist.org/observations?taxon_name=Pluvialis%20squatarola; Document original source or replace with properly attributed image"
"Arenaria interpres","Stenvenderen","critical","cached","","","Missing attribution; Unclear source (cached/unknown)","Search iNaturalist: https://www.inaturalist.org/observations?taxon_name=Arenaria%20interpres; Document original source or replace with properly attributed image"
"Phalaropus lobatus","Odinshane","critical","cached","","","Missing attribution; Unclear source (cached/unknown)","Search iNaturalist: https://www.inaturalist.org/observations?taxon_name=Phalaropus%20lobatus; Document original source or replace with properly attributed image"
"Phalaropus fulicarius","Thorshane","critical","cached","","","Missing attribution; Unclear source (cached/unknown)","Search iNaturalist: https://www.inaturalist.org/observations?taxon_name=Phalaropus%20fulicarius; Document original source or replace with properly attributed image"
"Himantopus himantopus","Stylteløber","critical","cached","","","Missing attribution; Unclear source (cached/unknown)","Search iNaturalist: https://www.inaturalist.org/observations?taxon_name=Himantopus%20himantopus; Document original source or replace with properly attributed image"
"Dendrocopos major","Stor flagspætte","critical","cached","","","Missing attribution; Unclear source (cached/unknown)","Search iNaturalist: https://www.inaturalist.org/observations?taxon_name=Dendrocopos%20major; Document original source or replace with properly attributed image"
"Dryobates minor","Lille flagspætte","critical","cached","","","Missing attribution; Unclear source (cached/unknown)","Search iNaturalist: https://www.inaturalist.org/observations?taxon_name=Dryobates%20minor; Document original source or replace with properly attributed image"
"Picus viridis","Grønspætte","critical","cached","","","Missing attribution; Unclear source (cached/unknown)","Search iNaturalist: https://www.inaturalist.org/observations?taxon_name=Picus%20viridis; Document original source or replace with properly attributed image"
"Dryocopus martius","Sortspætte","critical","cached","","","Missing attribution; Unclear source (cached/unknown)","Search iNaturalist: https://www.inaturalist.org/observations?taxon_name=Dryocopus%20martius; Document original source or replace with properly attributed image"
"Columba oenas","Huldue","critical","cached","","","Missing attribution; Unclear source (cached/unknown)","Search iNaturalist: https://www.inaturalist.org/observations?taxon_name=Columba%20oenas; Document original source or replace with properly attributed image"
"Sitta europaea","Spætmejse","critical","cached","","","Missing attribution; Unclear source (cached/unknown)","Search iNaturalist: https://www.inaturalist.org/observations?taxon_name=Sitta%20europaea; Document original source or replace with properly attributed image"
"Certhia familiaris","Træløber","critical","cached","","","Missing attribution; Unclear source (cached/unknown)","Search iNaturalist: https://www.inaturalist.org/observations?taxon_name=Certhia%20familiaris; Document original source or replace with properly attributed image"
"Certhia brachydactyla","Korttået træløber","critical","cached","","","Missing attribution; Unclear source (cached/unknown)","Search iNaturalist: https://www.inaturalist.org/observations?taxon_name=Certhia%20brachydactyla; Document original source or replace with properly attributed image"
"Corvus corax","Ravn","critical","cached","","","Missing attribution; Unclear source (cached/unknown)","Search iNaturalist: https://www.inaturalist.org/observations?taxon_name=Corvus%20corax; Document original source or replace with properly attributed image"
"Garrulus glandarius","Skovskade","critical","cached","","","Missing attribution; Unclear source (cached/unknown)","Search iNaturalist: https://www.inaturalist.org/observations?taxon_name=Garrulus%20glandarius; Document original source or replace with properly attributed image"
"Turdus philomelos","Sangdrossel","critical","cached","","","Missing attribution; Unclear source (cached/unknown)","Search iNaturalist: https://www.inaturalist.org/observations?taxon_name=Turdus%20philomelos; Document original source or replace with properly attributed image"
"Turdus viscivorus","Misteldrossel","critical","cached","","","Missing attribution; Unclear source (cached/unknown)","Search iNaturalist: https://www.inaturalist.org/observations?taxon_name=Turdus%20viscivorus; Document original source or replace with properly attributed image"
"Turdus iliacus","Vindrossel","critical","cached","","","Missing attribution; Unclear source (cached/unknown)","Search iNaturalist: https://www.inaturalist.org/observations?taxon_name=Turdus%20iliacus; Document original source or replace with properly attributed image"
"Turdus pilaris","Sjagger","critical","cached","","","Missing attribution; Unclear source (cached/unknown)","Search iNaturalist: https://www.inaturalist.org/observations?taxon_name=Turdus%20pilaris; Document original source or replace with properly attributed image"
"Regulus regulus","Fuglekonge","critical","cached","","","Missing attribution; Unclear source (cached/unknown)","Search iNaturalist: https://www.inaturalist.org/observations?taxon_name=Regulus%20regulus; Document original source or replace with properly attributed image"
"Regulus ignicapilla","Rødtoppet fuglekonge","critical","cached","","","Missing attribution; Unclear source (cached/unknown)","Search iNaturalist: https://www.inaturalist.org/observations?taxon_name=Regulus%20ignicapilla; Document original source or replace with properly attributed image"
"Cuculus canorus","Gøg","critical","cached","","","Missing attribution; Unclear source (cached/unknown)","Search iNaturalist: https://www.inaturalist.org/observations?taxon_name=Cuculus%20canorus; Document original source or replace with properly attributed image"
"Hirundo rustica","Landsvale","critical","cached","","","Missing attribution; Unclear source (cached/unknown)","Search iNaturalist: https://www.inaturalist.org/observations?taxon_name=Hirundo%20rustica; Document original source or replace with properly attributed image"
"Delichon urbicum","Bysvale","critical","cached","","","Missing attribution; Unclear source (cached/unknown)","Search iNaturalist: https://www.inaturalist.org/observations?taxon_name=Delichon%20urbicum; Document original source or replace with properly attributed image"
"Riparia riparia","Digesvale","critical","cached","","","Missing attribution; Unclear source (cached/unknown)","Search iNaturalist: https://www.inaturalist.org/observations?taxon_name=Riparia%20riparia; Document original source or replace with properly attributed image"
"Apus apus","Mursejler","critical","cached","","","Missing attribution; Unclear source (cached/unknown)","Search iNaturalist: https://www.inaturalist.org/observations?taxon_name=Apus%20apus; Document original source or replace with properly attributed image"
"Motacilla alba","Hvid vipstjert","critical","cached","","","Missing attribution; Unclear source (cached/unknown)","Search iNaturalist: https://www.inaturalist.org/observations?taxon_name=Motacilla%20alba; Document original source or replace with properly attributed image"
"Motacilla flava","Gul vipstjert","critical","cached","","","Missing attribution; Unclear source (cached/unknown)","Search iNaturalist: https://www.inaturalist.org/observations?taxon_name=Motacilla%20flava; Document original source or replace with properly attributed image"
"Motacilla cinerea","Bjergvipstjert","critical","cached","","","Missing attribution; Unclear source (cached/unknown)","Search iNaturalist: https://www.inaturalist.org/observations?taxon_name=Motacilla%20cinerea; Document original source or replace with properly attributed image"
"Anthus trivialis","Skovpiber","critical","cached","","","Missing attribution; Unclear source (cached/unknown)","Search iNaturalist: https://www.inaturalist.org/observations?taxon_name=Anthus%20trivialis; Document original source or replace with properly attributed image"
"Anthus pratensis","Engpiber","critical","cached","","","Missing attribution; Unclear source (cached/unknown)","Search iNaturalist: https://www.inaturalist.org/observations?taxon_name=Anthus%20pratensis; Document original source or replace with properly attributed image"
"Anthus petrosus","Skærpiber","critical","cached","","","Missing attribution; Unclear source (cached/unknown)","Search iNaturalist: https://www.inaturalist.org/observations?taxon_name=Anthus%20petrosus; Document original source or replace with properly attributed image"
"Alauda arvensis","Sanglærke","critical","cached","","","Missing attribution; Unclear source (cached/unknown)","Search iNaturalist: https://www.inaturalist.org/observations?taxon_name=Alauda%20arvensis; Document original source or replace with properly attributed image"
"Lullula arborea","Hedelærke","critical","cached","","","Missing attribution; Unclear source (cached/unknown)","Search iNaturalist: https://www.inaturalist.org/observations?taxon_name=Lullula%20arborea; Document original source or replace with properly attributed image"
"Galerida cristata","Toplærke","critical","cached","","","Missing attribution; Unclear source (cached/unknown)","Search iNaturalist: https://www.inaturalist.org/observations?taxon_name=Galerida%20cristata; Document original source or replace with properly attributed image"
"Lanius collurio","Rødrygget tornskade","critical","cached","","","Missing attribution; Unclear source (cached/unknown)","Search iNaturalist: https://www.inaturalist.org/observations?taxon_name=Lanius%20collurio; Document original source or replace with properly attributed image"
"Lanius excubitor","Stor tornskade","critical","cached","","","Missing attribution; Unclear source (cached/unknown)","Search iNaturalist: https://www.inaturalist.org/observations?taxon_name=Lanius%20excubitor; Document original source or replace with properly attributed image"
"Ficedula hypoleuca","Broget fluesnapper","critical","cached","","","Missing attribution; Unclear source (cached/unknown)","Search iNaturalist: https://www.inaturalist.org/observations?taxon_name=Ficedula%20hypoleuca; Document original source or replace with properly attributed image"
"Ficedula parva","Lille fluesnapper","critical","cached","","","Missing attribution; Unclear source (cached/unknown)","Search iNaturalist: https://www.inaturalist.org/observations?taxon_name=Ficedula%20parva; Document original source or replace with properly attributed image"
"Muscicapa striata","Grå fluesnapper","critical","cached","","","Missing attribution; Unclear source (cached/unknown)","Search iNaturalist: https://www.inaturalist.org/observations?taxon_name=Muscicapa%20striata; Document original source or replace with properly attributed image"
"Phylloscopus trochilus","Løvsanger","critical","cached","","","Missing attribution; Unclear source (cached/unknown)","Search iNaturalist: https://www.inaturalist.org/observations?taxon_name=Phylloscopus%20trochilus; Document original source or replace with properly attributed image"
"Phylloscopus collybita","Gransanger","critical","cached","","","Missing attribution; Unclear source (cached/unknown)","Search iNaturalist: https://www.inaturalist.org/observations?taxon_name=Phylloscopus%20collybita; Document original source or replace with properly attributed image"
"Phylloscopus sibilatrix","Skovsanger","critical","cached","","","Missing attribution; Unclear source (cached/unknown)","Search iNaturalist: https://www.inaturalist.org/observations?taxon_name=Phylloscopus%20sibilatrix; Document original source or replace with properly attributed image"
"Sylvia atricapilla","Munk","critical","cached","","","Missing attribution; Unclear source (cached/unknown)","Search iNaturalist: https://www.inaturalist.org/observations?taxon_name=Sylvia%20atricapilla; Document original source or replace with properly attributed image"
"Sylvia borin","Havesanger","critical","cached","","","Missing attribution; Unclear source (cached/unknown)","Search iNaturalist: https://www.inaturalist.org/observations?taxon_name=Sylvia%20borin; Document original source or replace with properly attributed image"
"Curruca communis","Tornsanger","critical","cached","","","Missing attribution; Unclear source (cached/unknown)","Search iNaturalist: https://www.inaturalist.org/observations?taxon_name=Curruca%20communis; Document original source or replace with properly attributed image"
"Curruca curruca","Gærdesanger","critical","inaturalist","cc-by-nc","(c) Евгений Гурьевских, some rights reserved (CC BY-NC), uploaded by Евгений Гурьевских","Non-commercial license (blocks commercial use)","Replace with CC-BY or CC0 licensed image"
"Acrocephalus scirpaceus","Rørsanger","critical","cached","","","Missing attribution; Unclear source (cached/unknown)","Search iNaturalist: https://www.inaturalist.org/observations?taxon_name=Acrocephalus%20scirpaceus; Document original source or replace with properly attributed image"
"Acrocephalus palustris","Kærsanger","critical","cached","","","Missing attribution; Unclear source (cached/unknown)","Search iNaturalist: https://www.inaturalist.org/observations?taxon_name=Acrocephalus%20palustris; Document original source or replace with properly attributed image"
"Acrocephalus schoenobaenus","Sivsanger","critical","cached","","","Missing attribution; Unclear source (cached/unknown)","Search iNaturalist: https://www.inaturalist.org/observations?taxon_name=Acrocephalus%20schoenobaenus; Document original source or replace with properly attributed image"
"Acrocephalus arundinaceus","Drosselrørsanger","critical","cached","","","Missing attribution; Unclear source (cached/unknown)","Search iNaturalist: https://www.inaturalist.org/observations?taxon_name=Acrocephalus%20arundinaceus; Document original source or replace with properly attributed image"
"Hippolais icterina","Gulbug","critical","cached","","","Missing attribution; Unclear source (cached/unknown)","Search iNaturalist: https://www.inaturalist.org/observations?taxon_name=Hippolais%20icterina; Document original source or replace with properly attributed image"
"Luscinia luscinia","Nattergal","critical","cached","","","Missing attribution; Unclear source (cached/unknown)","Search iNaturalist: https://www.inaturalist.org/observations?taxon_name=Luscinia%20luscinia; Document original source or replace with properly attributed image"
"Phoenicurus phoenicurus","Rødstjert","critical","cached","","","Missing attribution; Unclear source (cached/unknown)","Search iNaturalist: https://www.inaturalist.org/observations?taxon_name=Phoenicurus%20phoenicurus; Document original source or replace with properly attributed image"
"Phoenicurus ochruros","Husrødstjert","critical","cached","","","Missing attribution; Unclear source (cached/unknown)","Search iNaturalist: https://www.inaturalist.org/observations?taxon_name=Phoenicurus%20ochruros; Document original source or replace with properly attributed image"
"Saxicola rubicola","Bynkefugl","critical","cached","","","Missing attribution; Unclear source (cached/unknown)","Search iNaturalist: https://www.inaturalist.org/observations?taxon_name=Saxicola%20rubicola; Document original source or replace with properly attributed image"
"Oenanthe oenanthe","Stenpikker","critical","cached","","","Missing attribution; Unclear source (cached/unknown)","Search iNaturalist: https://www.inaturalist.org/observations?taxon_name=Oenanthe%20oenanthe; Document original source or replace with properly attributed image"
"Ciconia ciconia","Hvid stork","critical","cached","","","Missing attribution; Unclear source (cached/unknown)","Search iNaturalist: https://www.inaturalist.org/observations?taxon_name=Ciconia%20ciconia; Document original source or replace with properly attributed image"
"Grus grus","Trane","critical","cached","","","Missing attribution; Unclear source (cached/unknown)","Search iNaturalist: https://www.inaturalist.org/observations?taxon_name=Grus%20grus; Document original source or replace with properly attributed image"
"Alcedo atthis","Isfugl","critical","cached","","","Missing attribution; Unclear source (cached/unknown)","Search iNaturalist: https://www.inaturalist.org/observations?taxon_name=Alcedo%20atthis; Document original source or replace with properly attributed image"
"Jynx torquilla","Vendehals","critical","cached","","","Missing attribution; Unclear source (cached/unknown)","Search iNaturalist: https://www.inaturalist.org/observations?taxon_name=Jynx%20torquilla; Document original source or replace with properly attributed image"
"Caprimulgus europaeus","Natravn","critical","cached","","","Missing attribution; Unclear source (cached/unknown)","Search iNaturalist: https://www.inaturalist.org/observations?taxon_name=Caprimulgus%20europaeus; Document original source or replace with properly attributed image"
"Cinclus cinclus","Vandstær","critical","cached","","","Missing attribution; Unclear source (cached/unknown)","Search iNaturalist: https://www.inaturalist.org/observations?taxon_name=Cinclus%20cinclus; Document original source or replace with properly attributed image"
"Panurus biarmicus","Skægmejse","critical","cached","","","Missing attribution; Unclear source (cached/unknown)","Search iNaturalist: https://www.inaturalist.org/observations?taxon_name=Panurus%20biarmicus; Document original source or replace with properly attributed image"
"Remiz pendulinus","Pungmejse","critical","cached","","","Missing attribution; Unclear source (cached/unknown)","Search iNaturalist: https://www.inaturalist.org/observations?taxon_name=Remiz%20pendulinus; Document original source or replace with properly attributed image"
"Platalea leucorodia","Skestork","critical","cached","","","Missing attribution; Unclear source (cached/unknown)","Search iNaturalist: https://www.inaturalist.org/observations?taxon_name=Platalea%20leucorodia; Document original source or replace with properly attributed image"
"Egretta garzetta","Lille sølvhejre","critical","cached","","","Missing attribution; Unclear source (cached/unknown)","Search iNaturalist: https://www.inaturalist.org/observations?taxon_name=Egretta%20garzetta; Document original source or replace with properly attributed image"
"Ardea alba","Stor sølvhejre","critical","cached","","","Missing attribution; Unclear source (cached/unknown)","Search iNaturalist: https://www.inaturalist.org/observations?taxon_name=Ardea%20alba; Document original source or replace with properly attributed image"
"Phasianus colchicus","Fasan","critical","cached","","","Missing attribution; Unclear source (cached/unknown)","Search iNaturalist: https://www.inaturalist.org/observations?taxon_name=Phasianus%20colchicus; Document original source or replace with properly attributed image"
"Perdix perdix","Agerhøne","critical","cached","","","Missing attribution; Unclear source (cached/unknown)","Search iNaturalist: https://www.inaturalist.org/observations?taxon_name=Perdix%20perdix; Document original source or replace with properly attributed image"
"Coturnix coturnix","Vagtel","critical","cached","","","Missing attribution; Unclear source (cached/unknown)","Search iNaturalist: https://www.inaturalist.org/observations?taxon_name=Coturnix%20coturnix; Document original source or replace with properly attributed image"
"Emberiza citrinella","Gulspurv","critical","upload","","","Missing attribution","Search iNaturalist: https://www.inaturalist.org/observations?taxon_name=Emberiza%20citrinella"
"Emberiza calandra","Bomlærke","critical","cached","","","Missing attribution; Unclear source (cached/unknown)","Search iNaturalist: https://www.inaturalist.org/observations?taxon_name=Emberiza%20calandra; Document original source or replace with properly attributed image"
"Emberiza schoeniclus","Rørspurv","critical","cached","","","Missing attribution; Unclear source (cached/unknown)","Search iNaturalist: https://www.inaturalist.org/observations?taxon_name=Emberiza%20schoeniclus; Document original source or replace with properly attributed image"
"Plectrophenax nivalis","Snespurv","critical","cached","","","Missing attribution; Unclear source (cached/unknown)","Search iNaturalist: https://www.inaturalist.org/observations?taxon_name=Plectrophenax%20nivalis; Document original source or replace with properly attributed image"
"Bombycilla garrulus","Silkehale","critical","cached","","","Missing attribution; Unclear source (cached/unknown)","Search iNaturalist: https://www.inaturalist.org/observations?taxon_name=Bombycilla%20garrulus; Document original source or replace with properly attributed image"
"Loxia leucoptera","Hvidvinget korsnæb","critical","cached","","","Missing attribution; Unclear source (cached/unknown)","Search iNaturalist: https://www.inaturalist.org/observations?taxon_name=Loxia%20leucoptera; Document original source or replace with properly attributed image"
"Loxia curvirostra","Lille korsnæb","critical","cached","","","Missing attribution; Unclear source (cached/unknown)","Search iNaturalist: https://www.inaturalist.org/observations?taxon_name=Loxia%20curvirostra; Document original source or replace with properly attributed image"
"Loxia pytyopsittacus","Stor korsnæb","critical","cached","","","Missing attribution; Unclear source (cached/unknown)","Search iNaturalist: https://www.inaturalist.org/observations?taxon_name=Loxia%20pytyopsittacus; Document original source or replace with properly attributed image"
"Nucifraga caryocatactes","Nøddekrige","critical","cached","","","Missing attribution; Unclear source (cached/unknown)","Search iNaturalist: https://www.inaturalist.org/observations?taxon_name=Nucifraga%20caryocatactes; Document original source or replace with properly attributed image"
"Pastor roseus","Rosenstær","critical","cached","","","Missing attribution; Unclear source (cached/unknown)","Search iNaturalist: https://www.inaturalist.org/observations?taxon_name=Pastor%20roseus; Document original source or replace with properly attributed image"
"Oriolus oriolus","Pirol","critical","cached","","","Missing attribution; Unclear source (cached/unknown)","Search iNaturalist: https://www.inaturalist.org/observations?taxon_name=Oriolus%20oriolus; Document original source or replace with properly attributed image"
"Aquila chrysaetos","Kongeørn","critical","cached","","","Missing attribution; Unclear source (cached/unknown)","Search iNaturalist: https://www.inaturalist.org/observations?taxon_name=Aquila%20chrysaetos; Document original source or replace with properly attributed image"
"Merops apiaster","Biæder","critical","cached","","","Missing attribution; Unclear source (cached/unknown)","Search iNaturalist: https://www.inaturalist.org/observations?taxon_name=Merops%20apiaster; Document original source or replace with properly attributed image"
"Upupa epops","Hærfugl","critical","cached","","","Missing attribution; Unclear source (cached/unknown)","Search iNaturalist: https://www.inaturalist.org/observations?taxon_name=Upupa%20epops; Document original source or replace with properly attributed image"
"Coracias garrulus","Ellekrage","critical","cached","","","Missing attribution; Unclear source (cached/unknown)","Search iNaturalist: https://www.inaturalist.org/observations?taxon_name=Coracias%20garrulus; Document original source or replace with properly attributed image"
"Fringilla montifringilla","Kvækerfinke","critical","cached","","","Missing attribution; Unclear source (cached/unknown)","Search iNaturalist: https://www.inaturalist.org/observations?taxon_name=Fringilla%20montifringilla; Document original source or replace with properly attributed image"
"Ciconia nigra","Sort stork","critical","cached","","","Missing attribution; Unclear source (cached/unknown)","Search iNaturalist: https://www.inaturalist.org/observations?taxon_name=Ciconia%20nigra; Document original source or replace with properly attributed image"
"Anarhynchus alexandrinus","Hvidbrystet præstekrave","critical","cached","","","Missing attribution; Unclear source (cached/unknown)","Search iNaturalist: https://www.inaturalist.org/observations?taxon_name=Anarhynchus%20alexandrinus; Document original source or replace with properly attributed image"
"Prunella collaris","Alpejernspurv","critical","cached","","","Missing attribution; Unclear source (cached/unknown)","Search iNaturalist: https://www.inaturalist.org/observations?taxon_name=Prunella%20collaris; Document original source or replace with properly attributed image"
"Xema sabini","Sabinemåge","critical","cached","","","Missing attribution; Unclear source (cached/unknown)","Search iNaturalist: https://www.inaturalist.org/observations?taxon_name=Xema%20sabini; Document original source or replace with properly attributed image"
"Circus macrourus","Steppehøg","critical","cached","","","Missing attribution; Unclear source (cached/unknown)","Search iNaturalist: https://www.inaturalist.org/observations?taxon_name=Circus%20macrourus; Document original source or replace with properly attributed image"
"Falco vespertinus","Aftenfalk","critical","cached","","","Missing attribution; Unclear source (cached/unknown)","Search iNaturalist: https://www.inaturalist.org/observations?taxon_name=Falco%20vespertinus; Document original source or replace with properly attributed image"
"Morus bassanus","Sule","warning","upload","","https://www.pexels.com/@wolfgang-wendefeuer-237270893/","Attribution present but license field missing","Add explicit license field (cc-by, cc0, etc.)"
"Spinus spinus","Grønsisken","ok","inaturalist","cc-by","(c) caroline legg, some rights reserved (CC BY)","",""
"Alle alle","Søkonge","ok","inaturalist","cc-by","(c) Christoph Moning, some rights reserved (CC BY), uploaded by Christoph Moning","",""